"iso","adm1","umd_tree_cover_loss__year","umd_tree_cover_loss__ha","gfw_gross_emissions_co2e_all_gases__Mg"
"NGA",1,2001,2454.07985173056125657,794050.376701199167217
"NGA",2,2001,292.54670947449719674,147163.310681045751853
"NGA",3,2001,2019.83867465257328828,699901.840085911477144
"NGA",4,2001,73.65884401132895197,22040.700249507546178
"NGA",5,2001,0.15179342351942277,129.706102701906919
"NGA",6,2001,325.60585965131320658,154096.305027135720280
"NGA",7,2001,80.72208513148491457,23643.224537466156643
"NGA",8,2001,2.25527321310438384,147.716462357736012
"NGA",9,2001,2925.26899991156190342,1023195.976977249684955
"NGA",10,2001,3566.06465388644831141,1301232.570083865598735
"NGA",11,2001,255.29334218379767901,86762.394006108530773
"NGA",12,2001,11556.98740511331005907,4522116.445133381778646
"NGA",13,2001,184.96375576402134538,57780.973803666808874
"NGA",14,2001,102.04424556119574914,28228.192784141435824
"NGA",15,2001,371.12170352472058691,117586.875670211371533
"NGA",16,2001,0.0,18.630681230554977
"NGA",17,2001,2960.16955983151850294,821445.634782070191654
"NGA",19,2001,32.79765245674316741,11276.0692817466344623
"NGA",21,2001,0.45113030774468316,107.379755442298375
"NGA",22,2001,87.73927150100257779,26532.45727263740515
"NGA",23,2001,3534.34651796027610893,1340300.586130810397808
"NGA",24,2001,904.31448053453952363,292112.401684542456445
"NGA",25,2001,288.70756728027775287,96795.828950630031943
"NGA",26,2001,113.75759762144530323,40815.048869461878722
"NGA",27,2001,540.44805024645985933,172692.711831308196381
"NGA",28,2001,2842.83482314193539183,883427.917558535305751
"NGA",29,2001,3446.44671323295405707,1242563.213704731143889
"NGA",30,2001,432.65214139705382588,149395.069655418271167
"NGA",31,2001,1693.64401564810177696,520671.859436149259692
"NGA",32,2001,1.67163472341037335,596.016341379201705
"NGA",33,2001,769.15720284832757168,256732.0696560445956125
"NGA",34,2001,0.8294082954888238,274.513927327506602
"NGA",35,2001,1525.32027174765357578,521473.246953679652988
"NGA",36,2001,0.15097903403537327,43.288644317720276
"NGA",37,2001,0.37596155826334637,180.3444556090183942
"NGA",1,2002,648.14924777444635162,219773.335219652067002
"NGA",2,2002,35.00015871617378771,14583.814657128909621
"NGA",3,2002,138.92872181617216538,50949.495034163724980
"NGA",4,2002,37.25838300952664088,11918.137119681397743
"NGA",5,2002,0.60651440330783421,666.656938539055039
"NGA",6,2002,490.16994798071378508,236930.034690234108567
"NGA",7,2002,37.28300591749078534,12218.909244325302277
"NGA",8,2002,5.54958968934895831,191.704062415978951
"NGA",9,2002,4075.74095701305780094,1595967.726624889020137
"NGA",10,2002,2597.82543393507796129,1120932.446732787443957
"NGA",11,2002,47.68780663555636335,16256.372241814150088
"NGA",12,2002,10345.76727194914027994,4188246.929431522219745
"NGA",13,2002,541.85899191116598496,174256.961290837772126
"NGA",14,2002,25.30964377126085052,7522.335617986235180
"NGA",15,2002,134.81803673464185932,43042.49671602325743
"NGA",16,2002,0.07582741293185764,168.373754881334053
"NGA",17,2002,1435.84066730156029818,422112.998192600899337
"NGA",18,2002,0.07512843539279514,19.631265597452895
"NGA",19,2002,17.61056912977268016,5846.957197161609833
"NGA",21,2002,6.53868362816297663,1655.218655765140506
"NGA",22,2002,1.81302145011501707,951.894208172572551
"NGA",23,2002,1101.80988002553850969,380326.684228835831088
"NGA",24,2002,457.98875367534778397,144434.405264523944431
"NGA",25,2002,100.29500603108562376,34664.112992322972027
"NGA",26,2002,82.92362425855008896,25731.76628857702517
"NGA",27,2002,268.69654361693608614,85104.0576038698241778
"NGA",28,2002,2541.20062733762264692,890102.716910604133459
"NGA",29,2002,4299.85736689309201594,1524858.438545149324934
"NGA",30,2002,547.08596197393883167,176808.958331595026639
"NGA",31,2002,493.25274384095201738,151712.589559030548419
"NGA",32,2002,3.26503875830023886,1148.747790552737488
"NGA",33,2002,321.09350927630890296,124735.333281591924422
"NGA",34,2002,0.0,9.614518992683678
"NGA",35,2002,1504.20393789226305425,520306.216157606001647
"NGA",36,2002,0.5284439845800782,199.019277127332567
"NGA",37,2002,0.60101777485622831,281.594204237353331
"NGA",1,2003,605.93199943698094108,222659.688779054327412
"NGA",2,2003,58.89395631943307936,21949.511568319260802
"NGA",3,2003,418.55278828614800228,156769.167938587842880
"NGA",4,2003,23.71900431990885491,8125.505986759599745
"NGA",5,2003,0.07589895890299479,23.86367221318224
"NGA",6,2003,36.78810313364014129,18133.972683081594560
"NGA",7,2003,62.38639035762288405,19746.913143614244291
"NGA",8,2003,1.27463319533257379,41.2063052642678
"NGA",9,2003,1737.95274211943992817,694675.002275377906552
"NGA",10,2003,665.69938035872511980,292748.781478117747566
"NGA",11,2003,52.81177281991887944,18650.78068548672505
"NGA",12,2003,2134.49132693757759080,830338.301026298134582
"NGA",13,2003,46.50535710228001239,15835.459570727706784
"NGA",14,2003,78.21668668114338745,24355.149673130806861
"NGA",15,2003,9.80862131970811632,3001.97275637765688
"NGA",16,2003,0.0,60.725570745202510
"NGA",17,2003,384.80073411259901632,125381.403813911129814
"NGA",19,2003,7.43995576528862810,2119.76986517349543
"NGA",22,2003,5.88807293187120367,2042.806376484244495
"NGA",23,2003,347.28815745744305810,123380.655315129273773
"NGA",24,2003,486.07622237069620813,158912.984183846353763
"NGA",25,2003,45.18180952674533587,18654.008480832039477
"NGA",26,2003,142.48620271181092548,44780.300500362450075
"NGA",27,2003,1531.81744015952642928,448657.188457101713421
"NGA",28,2003,446.84450980460972294,154640.582770396998695
"NGA",29,2003,800.02254081237042427,305614.573975865616808
"NGA",30,2003,134.77640637509520403,47584.275561432800528
"NGA",31,2003,408.56935176738709168,129850.043280914221535
"NGA",32,2003,0.75991410333930121,277.336837444630467
"NGA",33,2003,279.28772838409099456,102424.412415899561105
"NGA",34,2003,1.3528647978499349,384.12676947634768
"NGA",35,2003,2409.81751626875707317,788333.764455452824262
"NGA",36,2003,1.5855372080240886,539.40991915978017
"NGA",37,2003,13.5253631432373035,4195.401415742147730
"NGA",1,2004,251.34756030458361297,99193.185140678369747
"NGA",2,2004,39.09940477743678771,13754.298494912831365
"NGA",3,2004,96.56570298510663521,37689.941100104170846
"NGA",4,2004,30.45075924955214007,11243.836882699152605
"NGA",5,2004,0.15176984041829428,618.274311315309574
"NGA",6,2004,465.55005881442040354,230564.514137678307237
"NGA",7,2004,24.51666413859266741,7942.002846615546012
"NGA",8,2004,0.67529810308485246,149.8094953881139716
"NGA",9,2004,378.54604033438689272,151355.570642514683604
"NGA",10,2004,1115.42013677528164559,478914.748200166738294
"NGA",11,2004,9.03292398055609981,3372.596371828789289
"NGA",12,2004,4727.01411219817027472,1861239.077905074242891
"NGA",13,2004,51.71057972079536525,18307.868904117007033
"NGA",14,2004,15.74321896836154610,5169.865194388978062
"NGA",15,2004,107.24262960682999558,33735.148286170356754
"NGA",16,2004,0.37790872428331165,214.42019363572261
"NGA",17,2004,118.55265013012804328,42922.815947153593888
"NGA",19,2004,6.07501314652072545,2513.478520545403293
"NGA",21,2004,0.67659897553385417,160.52077260496468
"NGA",22,2004,2.18839040420952704,818.038637344266971
"NGA",23,2004,772.96137046873085075,280570.677732566144163
"NGA",24,2004,81.73924623207574168,26331.191039513228293
"NGA",25,2004,39.59816523361491317,14738.115562175243927
"NGA",26,2004,103.7822387119047381,29040.13492541197835
"NGA",27,2004,712.28739473157814161,211476.577811683792360
"NGA",28,2004,603.79878355734122014,213218.275075771013511
"NGA",29,2004,1305.13220155307514927,483252.487138159926154
"NGA",30,2004,130.03759494364283639,47647.068283249127861
"NGA",31,2004,159.52735896681613833,52152.932418155299346
"NGA",32,2004,1.44357827801106759,506.672480750586645
"NGA",33,2004,304.95345973117030393,131141.343208577163836
"NGA",34,2004,0.22548384831597223,57.36202010840543
"NGA",35,2004,2979.25124342067361090,1075780.249157166485960
"NGA",36,2004,1.81056310617350306,661.720783655094081
"NGA",37,2004,6.5382326997602003,2019.10819974284782
"NGA",1,2005,232.49854330162896028,95340.684590638469497
"NGA",2,2005,22.77213121350207036,10034.283381529871926
"NGA",3,2005,113.12027489756239009,47600.200297239161350
"NGA",4,2005,14.99714983901692837,6031.917936684800997
"NGA",5,2005,0.22723362593804256,278.417614590683395
"NGA",6,2005,444.32263882797798799,227589.588613173491687
"NGA",7,2005,25.43096392223008873,7991.474961281880718
"NGA",8,2005,2.85171337614746141,38.5623249758287945
"NGA",9,2005,770.70231054782848790,327521.049006408386632
"NGA",10,2005,653.75588388359665551,299155.227831219136536
"NGA",11,2005,25.41174146237793986,10413.520461149342680
"NGA",12,2005,2148.69358871794271142,918479.009086282822674
"NGA",13,2005,1157.50366499597315642,446535.975061519738735
"NGA",14,2005,34.10112171215251009,11924.653737206431850
"NGA",15,2005,50.19336732872993871,15776.364901152458327
"NGA",16,2005,0.0,81.92863029768833
"NGA",17,2005,121.78833131570936492,44728.489942064560084
"NGA",19,2005,30.82439107350477588,9465.206482489875052
"NGA",20,2005,0.22635721327365455,38.83989626894823
"NGA",21,2005,0.0,14.161325922893226
"NGA",22,2005,4.07735394867621539,1491.335252704389428
"NGA",23,2005,813.79823050577115710,294749.473065639843395
"NGA",24,2005,629.41470822571963894,204257.052592993590076
"NGA",25,2005,189.58363305035371926,78007.259553855988148
"NGA",26,2005,76.54722765425428458,21782.917544474729110
"NGA",27,2005,191.50455183971074656,57902.090518957764726
"NGA",28,2005,1415.46606208934651181,537017.280029076797721
"NGA",29,2005,1864.17220672123606859,721498.117251905759792
"NGA",30,2005,487.14810945407408289,182918.666416615214415
"NGA",31,2005,551.36811070019450407,184588.139400986662298
"NGA",32,2005,11.3161508038910595,3842.868512686187584
"NGA",33,2005,241.68346830213976202,112013.378541667076791
"NGA",34,2005,0.52609830556966150,146.99733179169169
"NGA",35,2005,950.10842004875306719,337574.148134183311995
"NGA",36,2005,1.35841396388943151,492.649709233243959
"NGA",37,2005,2.40494733629611567,715.431652951756853
"NGA",1,2006,90.46182090880968633,38918.355053249315519
"NGA",2,2006,134.55277674841058620,46933.078551224288856
"NGA",3,2006,149.46725623371175012,65374.431564961423852
"NGA",4,2006,36.57214841138319608,14844.285104610923164
"NGA",5,2006,0.1511374860139974,276.549023537861866
"NGA",6,2006,573.40241782082097411,290802.648137645669786
"NGA",7,2006,30.47505926057128739,10021.228130236113465
"NGA",8,2006,1.27598411474012591,279.356378533451298
"NGA",9,2006,1932.68609194394279784,844412.429980083506027
"NGA",10,2006,2695.63620913959726881,1194581.253758149769243
"NGA",11,2006,5.12815139864447724,2179.191390547578063
"NGA",12,2006,6466.35977572811422266,2839461.255768758233941
"NGA",13,2006,109.8864809382547100,42683.07037865647527
"NGA",14,2006,23.69692708800428933,8915.428799315127808
"NGA",15,2006,78.79505197191512172,24907.547102856629846
"NGA",16,2006,0.07562258952419705,246.645842067796596
"NGA",17,2006,471.73931714501498916,186556.285038280769843
"NGA",19,2006,14.19772900651475826,4279.544841274465800
"NGA",21,2006,1.20257720421549486,293.20318523319941
"NGA",22,2006,6.26730404983941021,2202.18790772285469
"NGA",23,2006,1006.49422257362522458,386122.980684652028770
"NGA",24,2006,95.08523017005154080,30378.026720912473622
"NGA",25,2006,272.59306566461809925,122684.399127363976869
"NGA",26,2006,449.41031589719316288,133692.230070304263368
"NGA",27,2006,943.12278890173690403,277711.046095147033278
"NGA",28,2006,1608.19397794006174628,618585.946392332690650
"NGA",29,2006,1512.65122333598499985,600900.246350108820316
"NGA",30,2006,308.56389964683307125,119830.03790758365712
"NGA",31,2006,888.71923062013629192,325680.713086924647102
"NGA",32,2006,1.59528237358289934,553.728392410231952
"NGA",33,2006,217.56613158432536046,98872.001133451346709
"NGA",34,2006,0.30062890359646266,79.0446748775341
"NGA",35,2006,6035.79793444031610628,1944394.289179713053546
"NGA",36,2006,4.75625998249403533,1713.02555066236141
"NGA",37,2006,0.67791901488606776,242.897596114769833
"NGA",1,2007,140.77777375737115795,62827.748615254543678
"NGA",2,2007,23.06396811612955478,8107.702170378843720
"NGA",3,2007,218.30586912498046609,96770.688833070641130
"NGA",4,2007,41.93339374241238358,18320.356814949337193
"NGA",5,2007,0.45526069598090281,1122.124881834890265
"NGA",6,2007,393.49996200793901985,201012.584015530931590
"NGA",7,2007,32.78306262295790435,11134.041739601448025
"NGA",8,2007,2.85256515342773421,288.160270529022066
"NGA",9,2007,850.50160916624163761,386182.930011037878727
"NGA",10,2007,1657.33917895750774809,770840.186958429761448
"NGA",11,2007,15.00168218733724037,6698.093803640260726
"NGA",12,2007,5194.97281411292232170,2380737.363171119993082
"NGA",13,2007,259.05194989544089801,107182.239201521304254
"NGA",14,2007,27.37392821212809159,10544.20198912301684
"NGA",15,2007,67.06971249271699864,21216.46447058331886
"NGA",16,2007,0.22687020161946614,502.87210517616055
"NGA",17,2007,440.69952025183698667,184487.721552270301799
"NGA",18,2007,0.07514644748806423,15.060326851748083
"NGA",19,2007,4.85804919789822055,1508.592427335205096
"NGA",21,2007,0.0,16.32322553043985
"NGA",22,2007,13.4711263353667552,4255.52215965979583
"NGA",23,2007,772.25584786455524289,300772.894728739199972
"NGA",24,2007,1840.97747983096628289,618613.012747292452413
"NGA",25,2007,438.37606817408081452,194756.567552045581908
"NGA",26,2007,60.9903412567559233,17005.53137730660746
"NGA",27,2007,318.53945040367425562,96327.613004815694931
"NGA",28,2007,4705.52388672422510319,1904780.948783983310348
"NGA",29,2007,2041.93966221241144088,839955.972897333879974
"NGA",30,2007,509.97394774889994802,203513.289667875387067
"NGA",31,2007,2278.43824950068319168,818694.837170631977189
"NGA",32,2007,4.02446598404405427,1295.117691069832694
"NGA",33,2007,428.11579820810749261,202905.839787330519218
"NGA",35,2007,1788.83739573959616829,668949.166614977627493
"NGA",36,2007,0.0755023297531467,27.134753442047344
"NGA",37,2007,0.30132966998101131,86.863954742093417
"NGA",1,2008,80.74515760146538385,37471.120669716685318
"NGA",2,2008,76.54299857732827078,27951.003939517986152
"NGA",3,2008,211.02134296631536760,99572.714411562644863
"NGA",4,2008,32.90014317099148219,14977.191162267020365
"NGA",5,2008,0.60564870878689241,2103.829543945092254
"NGA",6,2008,859.36102783665806030,440540.375919797072337
"NGA",7,2008,33.16153027524982272,10325.007340497757880
"NGA",8,2008,0.0,123.208340475339298
"NGA",9,2008,1752.67211435362156147,810326.166738712561833
"NGA",10,2008,1430.67826282700842642,684752.956956947811653
"NGA",11,2008,6.11912552529622385,2690.315211688669864
"NGA",12,2008,6349.23517556904618966,2943813.663513212522696
"NGA",13,2008,590.55928528521042370,255620.628340363400376
"NGA",14,2008,45.93792175165798759,18514.725216839403696
"NGA",15,2008,158.92681417443740874,50424.471694855187532
"NGA",16,2008,0.6805824315657552,610.42827139150877
"NGA",17,2008,427.50961654679658620,186217.485606261456195
"NGA",19,2008,43.58186134373264269,13984.278406278686685
"NGA",21,2008,0.22542353042317708,64.551508103152379
"NGA",22,2008,15.78593903642144175,4610.327877213935031
"NGA",23,2008,1201.97917979888347176,471828.103969047969452
"NGA",24,2008,510.59279594800222082,162742.086034276986035
"NGA",25,2008,370.45301476448598583,180040.939644469443922
"NGA",26,2008,391.17631340248704976,116694.121130016729031
"NGA",27,2008,262.16351709890956034,79916.383037027535806
"NGA",28,2008,4309.39156147648924845,1824482.765127888850259
"NGA",29,2008,3188.61699804694460701,1375144.710781025215386
"NGA",30,2008,1148.43079925444132537,483472.877400424252275
"NGA",31,2008,1680.25603413906628510,654329.412067151928620
"NGA",32,2008,13.14025079741048225,4590.402058541717728
"NGA",33,2008,476.45167236762489163,220370.543357250592067
"NGA",34,2008,0.52612046706271701,170.558809270542643
"NGA",35,2008,1800.09956111350815363,637259.851964578181317
"NGA",36,2008,0.52844921759277351,211.274896650831987
"NGA",37,2008,0.52605378026909725,144.396190505113420
"NGA",1,2009,394.81882171560739768,195478.765957804612999
"NGA",2,2009,32.22451706725043423,10514.485615707888194
"NGA",3,2009,404.86233335363822766,199452.483549985711577
"NGA",4,2009,77.34629212978869135,36325.010284588413462
"NGA",5,2009,1.06237919794216582,808.386307859329305
"NGA",6,2009,736.59512067970061996,387802.470440020123888
"NGA",7,2009,42.38852320988091045,16736.288054329576646
"NGA",8,2009,3.22432762200249570,193.030620441246687
"NGA",9,2009,1390.87195238443487218,656971.544758818459441
"NGA",10,2009,1799.22195958873386536,885241.699432722311320
"NGA",11,2009,38.34248371282308000,18725.496602378157038
"NGA",12,2009,5205.80722039361182107,2406988.948814506712021
"NGA",13,2009,872.86235586526242010,388472.210575001954286
"NGA",14,2009,126.36623987788278553,53656.755241775629663
"NGA",15,2009,119.42169928371687281,38015.281011161785086
"NGA",16,2009,0.07578522379231771,30.461037294113265
"NGA",17,2009,1168.40747807790294953,541958.908806065770789
"NGA",18,2009,0.67589182224500872,156.27122271141348
"NGA",19,2009,23.31275101572971182,7561.837060995136188
"NGA",22,2009,10.19787119023925701,3340.598549419033333
"NGA",23,2009,1471.50408708695114523,623409.911890304211938
"NGA",24,2009,1114.00972845776121344,374081.521330091428447
"NGA",25,2009,363.49562769229942233,176284.656430730674123
"NGA",26,2009,179.62205566920726063,52411.238905724630664
"NGA",27,2009,604.23458592773679100,176003.718335265896947
"NGA",28,2009,1686.62313917394813771,755934.693506057292574
"NGA",29,2009,3356.12254492922271518,1469926.050302839149207
"NGA",30,2009,731.73370473344278370,320824.727091863232217
"NGA",31,2009,709.74309142436697220,252618.102843174338953
"NGA",32,2009,6.45443791812174547,2349.700312794545693
"NGA",33,2009,326.00632001705144354,159536.543299463248769
"NGA",34,2009,0.07515013848198784,47.973615788760493
"NGA",35,2009,2289.77102143911215076,764774.035176659173219
"NGA",36,2009,2.26056124551703540,807.677388622077246
"NGA",37,2009,0.0,19.456623136074587
"NGA",1,2010,520.63469824902467723,274577.428535152685390
"NGA",2,2010,14.24097665423936743,4862.11603091590661
"NGA",3,2010,368.04340623354080779,189432.668217448050274
"NGA",4,2010,72.06251667638348188,35583.833110074821620
"NGA",5,2010,0.30143468074598523,16430.990353302310664
"NGA",6,2010,472.88257770286398899,248621.585710561028033
"NGA",7,2010,54.78720718764648771,18794.871212662876435
"NGA",8,2010,0.15092080865342882,98.701247138654004
"NGA",9,2010,3324.78506082945087338,1593901.348435997034523
"NGA",10,2010,1534.32013260721746438,781611.308424317690266
"NGA",11,2010,15.38537159986056757,7987.766288481216401
"NGA",12,2010,12653.02644190841560357,6110820.430908592183523
"NGA",13,2010,764.48771909112124707,362614.313029128369842
"NGA",14,2010,93.03487083073758219,41300.629535078874502
"NGA",15,2010,65.4056434366797004,20598.90917895056650
"NGA",16,2010,0.15117753000868056,200.44949732986606
"NGA",17,2010,833.44959449013444317,403538.284364648065340
"NGA",19,2010,5.92254071766547354,2096.611576703175565
"NGA",21,2010,0.67636244984483519,161.444037735206262
"NGA",22,2010,10.11868034447862717,3114.647163343665088
"NGA",23,2010,1073.51196362884869605,479004.25734996145854
"NGA",24,2010,172.72864371927355952,62076.19088515708478
"NGA",25,2010,143.86787105951823773,72870.451261985907712
"NGA",26,2010,135.98404901023005722,38817.529511404814646
"NGA",27,2010,107.97237309026312708,33623.303586289255748
"NGA",28,2010,2293.13960097654423795,1057468.146017811189921
"NGA",29,2010,3733.57470739943716319,1682298.199737543448349
"NGA",30,2010,1306.85943826858672353,601778.90369895590060
"NGA",31,2010,582.60569449359081706,255470.665208685960608
"NGA",32,2010,1.06345480801106769,566.094579359785114
"NGA",33,2010,665.26037551502683981,338878.973980857396662
"NGA",34,2010,0.14967991370388456,44.878246815702044
"NGA",35,2010,1753.17539793054806946,537895.203918543980124
"NGA",36,2010,8.22851804043782528,3548.136293196470028
"NGA",37,2010,0.0751413306342231,37.41211867258363
"NGA",1,2011,448.74553247068376129,263754.694281579853945
"NGA",2,2011,160.05944237629984224,48911.474953559038641
"NGA",3,2011,390.34539502212119724,215811.502036876420093
"NGA",4,2011,83.55915666889809869,43968.724402127381932
"NGA",5,2011,0.07568568719021267,434.842707560254697
"NGA",6,2011,687.66534379911615071,366478.131041297288071
"NGA",7,2011,14.88937973454806812,5137.988463493340673
"NGA",8,2011,3.90442803021592914,421.852262602368121
"NGA",9,2011,1959.56247613085555426,990999.688711199583419
"NGA",10,2011,3430.25507790897659522,1699868.351402129957174
"NGA",11,2011,10.94616027213406133,6725.87332328620733
"NGA",12,2011,14344.90286683200740342,7475575.917938731371835
"NGA",13,2011,688.69793347621027583,344350.197332214009530
"NGA",14,2011,42.50495063992024573,19876.916430923253310
"NGA",15,2011,269.49874806636430146,85126.160959486388106
"NGA",16,2011,0.0,45.423052654343536
"NGA",17,2011,468.13866259658947247,245354.152903532204295
"NGA",19,2011,8.27697110616210936,2827.605788181139484
"NGA",21,2011,0.07514424528700088,17.647744565145604
"NGA",22,2011,0.45420575320692275,212.90031381599937
"NGA",23,2011,1539.15146005844005391,658519.913901298808450
"NGA",24,2011,491.18564580823036173,165111.54185066471695
"NGA",25,2011,690.21924679212443674,367304.199177859709211
"NGA",26,2011,236.88796711520107303,67771.821868502905830
"NGA",27,2011,3174.37326648492447589,940275.628583357526067
"NGA",28,2011,3472.23688057234740901,1610785.804073948839984
"NGA",29,2011,3410.38602947456416333,1560385.875094290774608
"NGA",30,2011,863.77183316243966583,388759.674388677052056
"NGA",31,2011,1313.91076872995308536,540165.725058333627018
"NGA",32,2011,2.43065266261664491,1001.176725253506932
"NGA",33,2011,453.05768974696733334,233296.977484214882556
"NGA",34,2011,0.15037845008192276,46.791350909132245
"NGA",35,2011,15228.82800578189974959,4665152.322474470648080
"NGA",36,2011,2.26485026812554317,899.52764479233017
"NGA",1,2012,470.81342276484953006,290521.333904425222267
"NGA",2,2012,24.89965520054470661,8942.151285357004989
"NGA",3,2012,126.00623450475695021,71485.737056747235419
"NGA",4,2012,45.06136839902832495,24689.742507710584294
"NGA",5,2012,0.15172722210720488,2771.478613535857097
"NGA",6,2012,665.84842879132370624,356681.761131100889192
"NGA",7,2012,42.83844446461127608,16515.225612117594965
"NGA",8,2012,3.97665176376573408,5014.889544381780224
"NGA",9,2012,1649.32747110880993224,848684.064660417767084
"NGA",10,2012,2691.90326253939401931,1615682.856249009077316
"NGA",11,2012,67.12792063342094160,39710.281861857487446
"NGA",12,2012,7875.67443543646880624,4077398.289529730637929
"NGA",13,2012,740.11263568878933128,372302.237472468519476
"NGA",14,2012,122.71501576969589101,60100.656584132873966
"NGA",15,2012,24.42229669001194382,7948.614086593155243
"NGA",16,2012,0.0,14.777295756317242
"NGA",17,2012,409.14572660041753297,231432.254613739252103
"NGA",19,2012,40.92741392600315175,13182.991898250990027
"NGA",21,2012,0.1502217820952691,35.80865860620641
"NGA",22,2012,2.71898409620930983,883.576529686640574
"NGA",23,2012,808.36943686464073416,363354.877489423815849
"NGA",24,2012,1948.55218131088133497,656278.417011461709813
"NGA",25,2012,628.11783180756511241,338690.183293156387602
"NGA",26,2012,90.14854761917473226,27495.29256538437919
"NGA",27,2012,1245.98831603175451856,361135.380942421661845
"NGA",28,2012,5751.65805327025019215,2739110.256074452096913
"NGA",29,2012,3349.71947838856819977,1537666.514717146052389
"NGA",30,2012,1375.59791328151591862,636483.999289450446106
"NGA",31,2012,3208.68904340665935469,1413448.492027255805684
"NGA",32,2012,28.01767189663845672,9675.031229759756096
"NGA",33,2012,567.63804489168578789,308345.916639935493257
"NGA",34,2012,0.0,18.716886898054396
"NGA",35,2012,959.86164755404818223,313712.402134800223442
"NGA",36,2012,1.28351521138509127,526.11327591144641
"NGA",37,2012,3.45654472462456641,1180.709953802068661
"NGA",1,2013,1123.79578983273520522,760244.845503381990720
"NGA",2,2013,43.65437804697727567,17499.916195003482469
"NGA",3,2013,241.02951083665955216,183735.332531645338354
"NGA",4,2013,59.67365332303845582,36251.390845022254980
"NGA",5,2013,0.07587232620551217,1286.33750030546453
"NGA",6,2013,1384.89130333199252269,749226.682703887465494
"NGA",7,2013,27.58494196273328928,11229.215756351699054
"NGA",8,2013,0.0,2019.9284317025682981
"NGA",9,2013,4652.90278623509340285,2499962.033112828418183
"NGA",10,2013,2370.48812211421056334,1307508.918879215034240
"NGA",11,2013,232.72004126154076400,143647.707827240203104
"NGA",12,2013,13810.54741265978722492,7475159.959281732654133
"NGA",13,2013,1259.70174131251233532,653198.85511648718070
"NGA",14,2013,256.93937951554191129,133031.815887820085650
"NGA",15,2013,130.86599132194300360,42385.28726277853419
"NGA",16,2013,0.0,78.863256254777319
"NGA",17,2013,670.92231582782025052,488899.710781790866694
"NGA",18,2013,0.0,5.282492321745851
"NGA",19,2013,2.80995536364149315,3581.665731737723622
"NGA",22,2013,0.0,356.866361746610517
"NGA",23,2013,751.38966502301577167,319077.109992847372776
"NGA",24,2013,211.99399149090980657,116522.315342261961619
"NGA",25,2013,378.70091150369188617,232214.281791366998077
"NGA",26,2013,178.75151380383137373,60683.776315405980869
"NGA",27,2013,68.45793375626736246,30348.984646366863309
"NGA",28,2013,2936.66854374524079315,1478104.789197350337617
"NGA",29,2013,4928.35740116351222739,2471577.050306729654852
"NGA",30,2013,2273.92399516409831299,1187623.14262880643542
"NGA",31,2013,1510.55179780860176392,704167.178272371775757
"NGA",32,2013,8.50662716624565871,4735.956015320261926
"NGA",33,2013,925.81556145543039294,542096.696424409532121
"NGA",34,2013,0.0,198.946141897766140
"NGA",35,2013,2993.10076241209244236,1004760.083046530995373
"NGA",36,2013,0.07549685463378907,33.41889651309833
"NGA",37,2013,0.0,280.07611717391358
"NGA",1,2014,1395.80038820987584259,1049433.893127464398453
"NGA",2,2014,19.20182704860731506,5948.063556149725397
"NGA",3,2014,452.75950356710020195,380307.970463005590781
"NGA",4,2014,67.70202259216447772,42777.556864221849470
"NGA",5,2014,0.1517646650607639,302.196754404046861
"NGA",6,2014,1794.86910926095552722,983105.835769881798687
"NGA",7,2014,130.78421458875869532,43826.570104345562926
"NGA",8,2014,0.0,1134.507203408574556
"NGA",9,2014,12908.78253121256800507,7068221.178165334051390
"NGA",10,2014,4005.69658271623621844,2237384.178779523537362
"NGA",11,2014,253.47450560780501186,161138.082634330715725
"NGA",12,2014,24412.45327815039355430,13887178.362139231887154
"NGA",13,2014,1414.52238906631292149,762992.73114438874547
"NGA",14,2014,202.98745902288119169,107421.035150542621092
"NGA",15,2014,126.50566545402117649,40518.295599565483745
"NGA",17,2014,1005.90213183017372828,720312.217866432804230
"NGA",19,2014,3.87356690902072467,6829.121453597129770
"NGA",20,2014,0.0,12.812604869653287
"NGA",22,2014,0.0,264.777643008830687
"NGA",23,2014,1411.31124621600348175,545508.097552362236659
"NGA",24,2014,1061.42491793704141919,407735.730837373646609
"NGA",25,2014,463.76602128919659564,339313.544850890579768
"NGA",26,2014,192.5219951301172237,57901.59426764459152
"NGA",27,2014,25.45511238150662281,18166.374890106612441
"NGA",28,2014,2016.07784094087432004,1094492.919561004661944
"NGA",29,2014,5870.35616021581029256,3078210.685778919496286
"NGA",30,2014,2282.40410699888381118,1218000.678707604805911
"NGA",31,2014,1361.61493191566413506,660760.584737297856208
"NGA",32,2014,4.78554405365342893,2383.29019327643735
"NGA",33,2014,2071.15772061269505261,1327915.363312985716582
"NGA",34,2014,0.0,158.123628638479589
"NGA",35,2014,3680.93226726543307717,1158600.482796202420725
"NGA",36,2014,0.0,202.85717974709127
"NGA",37,2014,0.0,213.535702466665434
"NGA",1,2015,678.90149861518211729,698577.430490530436434
"NGA",2,2015,2.74309301382486993,1081.799284112812838
"NGA",3,2015,346.66524962734191734,373485.757380916030718
"NGA",4,2015,40.31788330485786111,28030.873250722090509
"NGA",5,2015,0.0,35.770256124647524
"NGA",6,2015,606.91647946194336756,345554.613666725861765
"NGA",7,2015,171.92164949338896622,50968.369880230911975
"NGA",8,2015,0.0,42.779264028313246
"NGA",9,2015,4800.83257249770702337,2758298.071714575699389
"NGA",10,2015,1976.64076423693221233,1214343.901095137029215
"NGA",11,2015,155.40739130730573263,104073.28519914985656
"NGA",12,2015,12228.42941068004159145,7187602.533183067320525
"NGA",13,2015,1945.31907835718411025,1096282.447109041500549
"NGA",14,2015,58.03267230713596978,33060.08501456174918
"NGA",15,2015,94.37332948866373165,30894.848123728898011
"NGA",17,2015,359.87581852216323362,563319.541930286762917
"NGA",19,2015,2.35446253445800773,7227.13759902561261
"NGA",22,2015,0.0,94.46106216775196
"NGA",23,2015,1229.67279448420848385,469972.955917710813017
"NGA",24,2015,524.08329667016204639,228643.983933920686420
"NGA",25,2015,528.29062271975870250,430567.659422856705381
"NGA",26,2015,74.0293794644210884,23194.58996808240765
"NGA",27,2015,63.1425379717529227,23226.346914293089107
"NGA",28,2015,1556.93404940745814139,923273.423397636741868
"NGA",29,2015,5644.34748351869490340,2955410.068326566061582
"NGA",30,2015,1714.80988929225795776,961290.543215411504662
"NGA",31,2015,1331.18711725143233699,565572.36150524311157
"NGA",32,2015,4.40561225409450974,1590.848393100678812
"NGA",33,2015,2104.29380188938887944,1326621.905201998919855
"NGA",34,2015,0.0,23.720084647103555
"NGA",35,2015,2683.77108084502505534,844487.547107045244466
"NGA",37,2015,0.0,45.599700937403997
"NGA",1,2016,555.17238364788200710,520233.724808259689252
"NGA",2,2016,12.11428403759874326,3265.141925069427139
"NGA",3,2016,151.46099633749298146,172843.850361077681598
"NGA",4,2016,30.53296642976562784,21638.970056200522770
"NGA",5,2016,0.07562520641493056,251.849275414741072
"NGA",6,2016,1265.19770945602829207,698984.914899716340330
"NGA",7,2016,129.80032923969213401,39921.16071935692295
"NGA",8,2016,0.0,14.29239077346227
"NGA",9,2016,4036.93350666621281749,2256858.554165346040784
"NGA",10,2016,4228.51394111931947831,2638851.713716914594934
"NGA",11,2016,54.88999714796684297,48522.87468148560924
"NGA",12,2016,24158.78099500353624508,14550581.454230746208195
"NGA",13,2016,4306.93884336699621026,2498561.19171486540319
"NGA",14,2016,38.83306620622315292,22971.082256442260287
"NGA",15,2016,87.46552119690761897,28967.98461402975742
"NGA",17,2016,426.63060312624874638,747824.028232285742490
"NGA",19,2016,4.17679944638617654,8691.840363955016014
"NGA",20,2016,0.0,8.791236132449047
"NGA",23,2016,3268.80012595083624039,1282592.906068357082568
"NGA",24,2016,2267.01859021043881324,1086470.03066313830605
"NGA",25,2016,1100.74745995818415440,1031756.676660440677585
"NGA",26,2016,76.5787171689796387,22402.913684166393245
"NGA",27,2016,64.90407740431479451,21993.00036729715536
"NGA",28,2016,3952.94907452297712203,2313261.997306320624238
"NGA",29,2016,11237.65532674398691618,5759282.258483259841107
"NGA",30,2016,3770.65947491940933151,2161233.113589881583978
"NGA",31,2016,1976.41633815867889027,953049.517785202865547
"NGA",32,2016,9.49501209799913228,3511.85196986273963
"NGA",33,2016,1693.70044281844408105,1108124.549592303900486
"NGA",35,2016,3283.17358419926920796,1095063.491992855019455
"NGA",37,2016,0.0,67.7350604602073
"NGA",1,2017,2269.54385185398726512,2006746.351779878391826
"NGA",2,2017,34.43566008081760867,10508.690731438130575
"NGA",3,2017,915.36108447908118983,1007295.315494457551460
"NGA",4,2017,323.90904080395317288,233873.196782540522112
"NGA",5,2017,0.0,87.36080717772775
"NGA",6,2017,1913.46559330870706391,1057120.091470836071565
"NGA",7,2017,717.07032820392543861,217511.971768450006555
"NGA",8,2017,0.0,33.434368063552476
"NGA",9,2017,16079.59627281790854849,9254283.662827095825147
"NGA",10,2017,11170.29000997088990682,7122407.047080663713028
"NGA",11,2017,201.16554208926215546,182348.867101883857349
"NGA",12,2017,37713.57831781156144111,23788940.082796087540342
"NGA",13,2017,11703.1852037014360935,7011588.825016507307425
"NGA",14,2017,293.76405776486744937,176317.903402005914448
"NGA",15,2017,410.64766512085685363,129012.494071052018934
"NGA",17,2017,1012.13186179285472782,1661047.618594971515158
"NGA",18,2017,0.0,19.931541907126372
"NGA",19,2017,24.44926188166884289,21738.317736194272036
"NGA",22,2017,0.07550328365397135,109.858159396755921
"NGA",23,2017,13998.11076294079621139,5288127.657596327035109
"NGA",24,2017,6742.41068268945677647,3218745.64479110751839
"NGA",25,2017,2479.36573135842554198,2043219.079438130345232
"NGA",26,2017,196.40792003076535843,61270.38869312102140
"NGA",27,2017,109.49426981692490794,42183.861125870127612
"NGA",28,2017,13448.40540918495981892,8440547.188496488891589
"NGA",29,2017,16783.45041649577391587,9835844.086494826912043
"NGA",30,2017,10828.94894395664946276,6558723.14600737230579
"NGA",31,2017,7871.10264811740644734,4540612.509012597882424
"NGA",32,2017,32.89118673795247099,12131.890470092885734
"NGA",33,2017,3063.65787697403832804,2076026.997477757135116
"NGA",34,2017,0.0,156.295720838168798
"NGA",35,2017,10708.60831218733593989,3572330.343268456464328
"NGA",37,2017,0.0,13.240939437398593
"NGA",1,2018,1821.31684839879176180,1543278.145958673941173
"NGA",2,2018,65.59101626280408448,20027.873395963625985
"NGA",3,2018,566.03166149266433588,547010.453768185362025
"NGA",4,2018,87.68508186592800624,62353.212549714407102
"NGA",5,2018,0.0,13.834825680665745
"NGA",6,2018,2930.14988289944315706,1659996.852541832162326
"NGA",7,2018,924.84120218767184831,273832.798270363810813
"NGA",9,2018,12495.60145814728574064,7390387.812222508574126
"NGA",10,2018,7662.89857566061075895,4882099.200046282959703
"NGA",11,2018,244.57395309190920214,204955.18497245928576
"NGA",12,2018,25238.93894946701210346,16371813.589844879878714
"NGA",13,2018,7689.05321987087921114,4726136.131611751476326
"NGA",14,2018,110.23215927358071712,66299.62339301984440
"NGA",15,2018,184.21844700686014837,57393.10152383864786
"NGA",17,2018,667.93564213632082965,811836.956179081058047
"NGA",18,2018,0.0,7.067101542750075
"NGA",19,2018,19.43937665756673271,15635.824959635891473
"NGA",22,2018,0.0,20.950590805304216
"NGA",23,2018,4885.46537675247091200,1949665.39398420288370
"NGA",24,2018,3877.54651716804635283,1820960.308487335918284
"NGA",25,2018,1416.00327875715364788,1228886.219542122726021
"NGA",26,2018,123.6767434288768790,42703.070040165026172
"NGA",27,2018,79.85563920723801224,29831.873696519787035
"NGA",28,2018,10924.11345449705406135,6895285.147476602092548
"NGA",29,2018,13192.91955593665048875,7231486.453615469929738
"NGA",30,2018,6095.15203032038818281,3795196.691791476349271
"NGA",31,2018,4815.85195818824669438,2945973.446562266152028
"NGA",32,2018,22.55959196313747613,8807.495973198963954
"NGA",33,2018,3765.04740002637389059,2294379.95794345578688
"NGA",34,2018,0.0,19.18899296414961
"NGA",35,2018,9916.36899449475503781,3087464.898302891251748
"NGA",36,2018,0.0,19.94459182879883
"NGA",1,2019,820.38878048622790000,626794.951677080848509
"NGA",2,2019,34.73597454686794948,10395.555198221128037
"NGA",3,2019,620.24511523122961792,443249.698621940620930
"NGA",4,2019,57.69154297002766985,41832.256868130464442
"NGA",6,2019,870.30212267182472306,494503.933355187443566
"NGA",7,2019,254.32065090045163133,72529.553487079005877
"NGA",9,2019,11122.08417896077147145,6441945.158080073831684
"NGA",10,2019,2613.22215086434152774,1651148.250188208658118
"NGA",11,2019,198.35248302569269128,141655.17313201006427
"NGA",12,2019,16464.83737972047051151,10889064.782117354704881
"NGA",13,2019,6386.94210306127963824,4077523.317262649804933
"NGA",14,2019,89.74716771438966012,55981.180836822732184
"NGA",15,2019,306.51675774331306993,97389.76167894892949
"NGA",16,2019,0.0,11.409289108567187
"NGA",17,2019,485.57708735768369192,357101.863834330831364
"NGA",19,2019,26.27568779755479921,13050.707056438825635
"NGA",23,2019,6914.03388548516122940,2656561.002526465755890
"NGA",24,2019,3449.70515092458789914,1579329.65720448131889
"NGA",25,2019,1172.51949696995229125,962408.019577588131872
"NGA",26,2019,115.45488601881263525,36441.792804969297638
"NGA",27,2019,59.14432290273871783,21859.98702462064421
"NGA",28,2019,6993.76256302501480534,4362700.945832788507562
"NGA",29,2019,8332.26608943953631822,4833660.316911319785767
"NGA",30,2019,5279.89086673043119859,3415070.811736506036711
"NGA",31,2019,2441.45772305389117451,1504026.558196787909064
"NGA",32,2019,20.66846306003417683,7901.369047487095513
"NGA",33,2019,922.86490331010584690,609539.656070960127566
"NGA",35,2019,10842.11722747974427442,3358642.033070827192581
"NGA",1,2020,833.02306526039372338,695928.91104580694966
"NGA",2,2020,26.12396777635850885,8202.848654756483805
"NGA",3,2020,388.22696916244129916,315338.62792279369178
"NGA",4,2020,88.67264643490316810,68779.669441160750695
"NGA",5,2020,0.0756171649077691,43.090460001706078
"NGA",6,2020,1651.04188460225586276,947858.362118098153723
"NGA",7,2020,422.27309985983730244,122530.433822892783496
"NGA",9,2020,12740.53119332877754573,7387719.629658332559715
"NGA",10,2020,3804.54517317469917677,2523696.624404877004385
"NGA",11,2020,58.25373282131510408,44074.790068072877690
"NGA",12,2020,25173.82253098622167564,17124739.305835761706651
"NGA",13,2020,5769.38632335200979305,3812053.633945983934753
"NGA",14,2020,168.96362505150882222,113682.363293331716794
"NGA",15,2020,200.71601643234427750,65676.748977613130613
"NGA",16,2020,0.0,34.739901998790528
"NGA",17,2020,422.21942801911693660,308132.415514850309840
"NGA",19,2020,13.28780208062337347,15962.611795426698708
"NGA",22,2020,0.0,206.85562908454282
"NGA",23,2020,4783.89527637700671190,2052476.517481289852535
"NGA",24,2020,2755.02745139223915414,1354636.74729207073921
"NGA",25,2020,649.70704814439808272,538040.832779771436484
"NGA",26,2020,56.65162588924044901,44367.534992938877948
"NGA",27,2020,42.95127916861219598,27449.696927736169965
"NGA",28,2020,8457.42556928541135030,5812411.390509231922896
"NGA",29,2020,8269.61050304142856265,5147680.308302850490334
"NGA",30,2020,7048.85787510202277051,4612157.374902538983273
"NGA",31,2020,5676.74620951114014838,3631995.06612561441388
"NGA",32,2020,21.04679991829588992,7883.330571475668775
"NGA",33,2020,1861.05917485879041652,1167841.867213969325811
"NGA",35,2020,7815.37414262332712573,2516653.666981759715566
"NGA",1,2021,1268.77046807593514893,1382988.260055186861945
"NGA",2,2021,48.53048036712726518,39372.326404816573143
"NGA",3,2021,517.62825935076813374,801140.340214777110287
"NGA",4,2021,190.72139607395371813,172391.360069729361105
"NGA",5,2021,0.0,17131.849344829497768
"NGA",6,2021,1017.32020608176470032,581998.367142105366426
"NGA",7,2021,852.77287508630349084,286379.22126311587891
"NGA",8,2021,0.0,446.43459468996835
"NGA",9,2021,11754.87388624259539787,7414220.820996789825124
"NGA",10,2021,3903.93675119893961717,3009556.887740533268032
"NGA",11,2021,124.09027314987969176,126261.28472449095522
"NGA",12,2021,18187.06566323642051792,13903304.589975656177256
"NGA",13,2021,8335.85263503125110788,5660798.885774993655862
"NGA",14,2021,266.23904105466165965,214341.067785938858248
"NGA",15,2021,303.73398010760694980,159992.90897364798417
"NGA",16,2021,0.0,2556.46569602682960
"NGA",17,2021,389.72658628542700112,584237.548404457459196
"NGA",19,2021,24.8329168273003480,103214.425280643242865
"NGA",21,2021,0.0,12.885003049731207
"NGA",22,2021,0.0,39477.795805349852605
"NGA",23,2021,5264.31690253624818167,2510219.900534711330522
"NGA",24,2021,2124.95107883934211905,1251088.563006447201502
"NGA",25,2021,1598.20121776176163711,1433639.611358860016959
"NGA",26,2021,65.00249763821179415,392130.210251188527142
"NGA",27,2021,83.3780047645057765,444054.84591586824881
"NGA",28,2021,9117.66159606890669772,7332449.942464494116360
"NGA",29,2021,8331.57656768844814279,5797224.932545450028886
"NGA",30,2021,5429.83564918433374639,3685245.092790488528862
"NGA",31,2021,3451.14396448898383870,2642219.391781784756946
"NGA",32,2021,36.07651138262531357,22326.523439938567177
"NGA",33,2021,716.98840774625808532,659423.332110422572193
"NGA",34,2021,0.0,1267.314511153966726
"NGA",35,2021,13787.97454692202231920,4590990.330966464226908
"NGA",37,2021,0.0,1408.908260945948499
"NGA",1,2022,978.35620537141831191,1165254.87775055853324
"NGA",2,2022,156.44221563354700875,79488.228622477542912
"NGA",3,2022,684.76724981805938724,742337.635030599001075
"NGA",4,2022,132.05032445752403215,127529.066650174549916
"NGA",5,2022,0.0,33094.094673139632720
"NGA",6,2022,2873.98614340150136407,1698404.165753220264093
"NGA",7,2022,616.61649500712524467,218280.731640114552638
"NGA",8,2022,0.0,2446.825290067884485
"NGA",9,2022,10748.79130531565596919,6606147.422376463082748
"NGA",10,2022,7040.51367846391531419,5147084.302680959297865
"NGA",11,2022,126.46609046392127892,117120.530667118740904
"NGA",12,2022,22311.03428647453853339,17264468.622622538393262
"NGA",13,2022,6144.00772510326649613,4333951.231417474103875
"NGA",14,2022,170.81209613322965350,142731.43351995080624
"NGA",15,2022,522.89876842946841157,277828.772839698291744
"NGA",16,2022,0.0,13393.09961066481765
"NGA",17,2022,282.60813609859707255,387596.125192350315097
"NGA",18,2022,0.0,61.796228062139336
"NGA",19,2022,63.86305243970431518,164040.288465786584316
"NGA",20,2022,0.0,22.551333733672415
"NGA",21,2022,0.0,702.469431530210827
"NGA",22,2022,0.0,19834.58871084431292
"NGA",23,2022,6914.27869196876078548,3625606.504631601546746
"NGA",24,2022,2767.82480329230633194,1566355.742540701696107
"NGA",25,2022,1215.22015451015925478,1123317.11324454913360
"NGA",26,2022,77.9611285166764514,720845.44964923328574
"NGA",27,2022,75.71556547853620205,325798.239056504371255
"NGA",28,2022,7412.94039442610121760,5859840.725015270850551
"NGA",29,2022,8075.31623518083432426,6271834.38842734678913
"NGA",30,2022,4064.46228057513053902,2919057.043814602206414
"NGA",31,2022,2684.74013857958078671,1987010.45262727721726
"NGA",32,2022,37.1373207110731284,38535.26746366881485
"NGA",33,2022,3040.91273151271970737,1984148.02188548749965
"NGA",34,2022,0.0,43.891255444816787
"NGA",35,2022,16969.59604181610400677,5724932.357461925942248
"NGA",37,2022,0.0,1371.466358314646957
"NGA",1,2023,634.38788157631571970,741723.313966812391266
"NGA",2,2023,222.31970670145267130,143088.378018783676229
"NGA",3,2023,615.73237338205489160,598732.668853143958524
"NGA",4,2023,131.41545535101108570,121406.11200780037938
"NGA",5,2023,0.0,21919.153086575582112
"NGA",6,2023,680.01941824261369710,427304.071660002221248
"NGA",7,2023,587.81348191394952926,196131.00058294123635
"NGA",8,2023,0.0,1179.053303115984026
"NGA",9,2023,10393.04921279649410074,6383933.829788409819705
"NGA",10,2023,2399.72411103802603080,1707561.647650535340576
"NGA",11,2023,45.01175984379639140,46915.496980801426534
"NGA",12,2023,12468.31274752276756760,9947877.916686489403458
"NGA",13,2023,4933.16211963951887922,3567229.46793998220355
"NGA",14,2023,105.71462936579556711,103731.86519946403927
"NGA",15,2023,570.31905229584387156,254112.36760995978724
"NGA",16,2023,0.0,3028.721147630043218
"NGA",17,2023,394.99471744983729925,354437.981264277870924
"NGA",18,2023,0.0,151.261503326561750
"NGA",19,2023,63.85892372913466145,122479.354377238553202
"NGA",20,2023,0.0,82.893339030232440
"NGA",21,2023,0.0,1520.193267844507332
"NGA",22,2023,0.0,30990.580809634042050
"NGA",23,2023,4571.90205390548229816,2438913.022114553045731
"NGA",24,2023,2208.23184648945602947,1436484.120044253456104
"NGA",25,2023,1337.57071692107419616,1258411.032298159534844
"NGA",26,2023,171.59808936479043355,790121.428940572983598
"NGA",27,2023,73.01309786801540479,212885.292660326674281
"NGA",28,2023,5767.56131809196333061,4648370.447971463197802
"NGA",29,2023,7374.09830632406390365,5801427.904959387036236
"NGA",30,2023,4536.09907418811134138,3378997.444209364231776
"NGA",31,2023,2458.05827195121832404,1893263.214516030025726
"NGA",32,2023,31.21457104898872152,34019.43041058999517
"NGA",33,2023,1756.06164068850885954,1224171.026475607785079
"NGA",34,2023,0.0,566.216307980063760
"NGA",35,2023,20736.25009973187845033,6977327.802024072554241
"NGA",37,2023,0.0,247.66532807532107
"NGA",1,2024,687.47520603904739874,843844.230443723073185
"NGA",2,2024,212.65078208349918338,168029.318508277860643
"NGA",3,2024,518.47179203538054323,511412.830015382155232
"NGA",4,2024,140.43496372031698175,148919.537428413107607
"NGA",5,2024,0.45424385018880212,40997.933474179563289
"NGA",6,2024,1827.52049827826479251,1087905.876873024028371
"NGA",7,2024,482.45012467200516532,174879.862270085604536
"NGA",8,2024,0.0,2860.997622850806846
"NGA",9,2024,7465.24304242472681318,4624874.759849490552874
"NGA",10,2024,7135.03980195878888770,5404798.733572634350839
"NGA",11,2024,96.22502904933153365,102113.442272139907129
"NGA",12,2024,18784.48947143738613439,15474095.084013518089405
"NGA",13,2024,7614.20246382279575347,5628502.614805623844497
"NGA",14,2024,272.00274118675807038,327083.28658907755633
"NGA",15,2024,1036.28756067568701393,452304.127811324277695
"NGA",16,2024,0.0,5654.66779960183158
"NGA",17,2024,499.93727901600976744,673277.138195814524588
"NGA",19,2024,95.14504665418127497,120947.28455851851630
"NGA",20,2024,0.0,42.4216393654208
"NGA",21,2024,0.0,239.565153941112474
"NGA",22,2024,0.0,30893.079950269401706
"NGA",23,2024,7159.26095227282774195,4376298.635126930073660
"NGA",24,2024,3170.74285093715464052,2323122.980278065587848
"NGA",25,2024,1401.17322164806150965,1279136.410781428620171
"NGA",26,2024,100.20931657545545515,666326.077384849005265
"NGA",27,2024,131.14372595819480266,324163.006880067103787
"NGA",28,2024,6606.06102524010978137,5667954.760766829486528
"NGA",29,2024,7802.60238987823324676,6114759.931143948708787
"NGA",30,2024,4301.64167095188914655,3308960.31314624240514
"NGA",31,2024,3559.19756563792142464,2854460.583860553718276
"NGA",32,2024,71.84016155766983129,64258.258220600525740
"NGA",33,2024,3067.48801189584629581,2174476.760895254577105
"NGA",34,2024,0.0,827.56798487663350
"NGA",35,2024,21404.93910439950487362,7169635.974444790328234
"NGA",36,2024,0.0,103.863524149595814
"NGA",37,2024,0.0,472.384528863767274
"NGA",1,2025,700.15193156687393705,857354.012877059980884
"NGA",2,2025,305.37317919709256344,217175.100611096228434
"NGA",3,2025,663.33225361651964340,739464.414781093041514
"NGA",4,2025,151.31922510959067143,164953.862232846482538
"NGA",5,2025,2.42366054409233943,44520.482395231407805
"NGA",6,2025,3456.87437174189620707,2087168.635189895116055
"NGA",7,2025,291.13933431486860631,117156.581440651200542
"NGA",8,2025,0.0,3344.00514970882124
"NGA",9,2025,13884.74138145900753204,8399407.654914825224247
"NGA",10,2025,8420.98965149811596257,6506616.602041371481809
"NGA",11,2025,67.81392728737875686,70488.120221632333426
"NGA",12,2025,22923.97339518316367889,18844701.695008272822903
"NGA",13,2025,6097.25002722925514099,4609638.05449744801864
"NGA",14,2025,362.57439489939120860,335784.322230125909684
"NGA",15,2025,521.01115127641269537,255149.407672548536920
"NGA",16,2025,0.0,8600.027869745305466
"NGA",17,2025,327.35718053504037090,505476.408369716370446
"NGA",19,2025,143.65815141507590996,199686.56000791184738
"NGA",20,2025,0.0,57.61421974575687
"NGA",21,2025,0.0,973.22796580085924
"NGA",22,2025,0.0,22630.919724095613141
"NGA",23,2025,4596.56108960536056116,2882850.509560370459274
"NGA",24,2025,1051.41778467826432777,1062733.427380130584569
"NGA",25,2025,1054.31797907333941319,992625.678395794965678
"NGA",26,2025,128.01545902304206710,660851.03831264047765
"NGA",27,2025,95.73973387080672295,317936.32756898527881
"NGA",28,2025,11827.71156161503833410,10105756.143009444154102
"NGA",29,2025,10159.91161125008753016,8104883.147120524005728
"NGA",30,2025,5122.99076834094586099,4001492.309453345772502
"NGA",31,2025,3717.94566450375402476,3243897.529180167450154
"NGA",32,2025,23.54419930516493251,42753.501769826119285
"NGA",33,2025,3071.97785206916329275,2295336.558132237877206
"NGA",34,2025,0.0,1487.100955605023135
"NGA",35,2025,19092.61630173810090402,6846415.380181972416198
"NGA",36,2025,0.0,142.422914655583869
"NGA",37,2025,0.0,1738.45013932267921
