file,bytes,sha256,file_modified_utc,first_recorded_utc,last_verified_utc
Description-of-output-columns_GEP_V2(1).docx,30794,ca89d47f4324c13b9c7e21a5d7a160ccb2af7fd49c513019e62d71ec446a5461,2026-08-25T13:50:04Z,2026-08-26T17:32:07Z,2026-08-27T11:15:49Z
gep_ng2_scenario_summary.pdf,370779,1acd5ec9c7e7332c362dd042bf420dd1e61a6ca711f6e3ad4bc17f7bccea38fe,2026-08-26T10:39:38Z,2026-08-27T11:15:49Z,2026-08-27T11:15:49Z
gfw_by_region/Location of tree cover loss in Nigeria.zip,54972,bce0c68c4c8e9fb8555e6f3068b436921a3a35731feb5dc059693e1bac155811,2026-08-26T20:45:37Z,2026-08-26T21:08:18Z,2026-08-27T11:15:49Z
gfw_by_region/adm1_metadata.csv,524,5ade62902fe52a1a653aa80e94a1285bdf36428eb2f319a42859c9bf087f9241,2026-08-26T20:45:22Z,2026-08-26T21:08:18Z,2026-08-27T11:15:49Z
gfw_by_region/iso_metadata.csv,4713,57a04f265fc9f6eb60e664c4fcd44af32c805e325be7f4ec215a2acc6d1244f8,2026-08-26T20:45:22Z,2026-08-26T21:08:18Z,2026-08-27T11:15:49Z
gfw_by_region/metadata.csv,297,cb3d3c7d623446f4b4dedb9337e355a78904c3eb41e9a18b08b151bed75514e8,2026-08-26T20:45:22Z,2026-08-26T21:08:18Z,2026-08-27T11:15:49Z
gfw_by_region/treecover_extent_2000__ha.csv,112,79a6df0ee8b606f73803adbeb1e3921c46aabfdef59ab3658cbbb8d6505e0e20,2026-08-26T20:45:22Z,2026-08-26T21:08:18Z,2026-08-27T11:15:49Z
gfw_by_region/treecover_loss_by_region__ha.csv,48712,7f21cbc06deeabd2f42cdf6b2ea5ce800acecc6346bfd58fb8c1fded1ec1b2d7,2026-08-26T20:45:22Z,2026-08-26T21:08:18Z,2026-08-27T11:15:49Z
gfw_national/Tree cover loss in Nigeria.zip,7828,56bb325c7118a89d3890ea03656dba7453d1f4f0e8fcd588d423428500784fbc,2026-08-26T20:40:13Z,2026-08-26T21:08:18Z,2026-08-27T11:15:49Z
gfw_national/adm1_metadata.csv,524,5ade62902fe52a1a653aa80e94a1285bdf36428eb2f319a42859c9bf087f9241,2026-08-26T20:37:22Z,2026-08-26T21:08:18Z,2026-08-27T11:15:49Z
gfw_national/iso_metadata.csv,4713,57a04f265fc9f6eb60e664c4fcd44af32c805e325be7f4ec215a2acc6d1244f8,2026-08-26T20:37:22Z,2026-08-26T21:08:18Z,2026-08-27T11:15:49Z
gfw_national/metadata.csv,256,a0904e53cd4eafa79132e548e2be0881be962919135bfe58bab48510f911677a,2026-08-26T20:37:22Z,2026-08-26T21:08:18Z,2026-08-27T11:15:49Z
gfw_national/treecover_extent_2000__ha.csv,112,79a6df0ee8b606f73803adbeb1e3921c46aabfdef59ab3658cbbb8d6505e0e20,2026-08-26T20:37:22Z,2026-08-26T21:08:18Z,2026-08-27T11:15:49Z
gfw_national/treecover_loss__ha.csv,1629,0a0cd0219d6de387654abd794f0f0424f9d232f89af51cb99f2d0d0027cf9bdf,2026-08-26T20:37:22Z,2026-08-26T21:08:18Z,2026-08-27T11:15:49Z
ng-2-0_0_0_0_0_0.csv.gz,85158823,7ba1b2cce3ddcc4fc13e9de42266c3f2f67191ed534ddf41c145eda26fb697a3,2026-08-26T17:22:43Z,2026-08-26T17:32:07Z,2026-08-27T11:15:50Z
ng-2-scenario-description.pdf,210674,5fe4cc949b0125081264de5a38df6e7cbffa9b774bc5c31327b884a89e966e9e,2026-08-26T11:13:50Z,2026-08-26T17:32:07Z,2026-08-27T11:15:50Z
nga_admgz.xlsx,141524,5bde25f3efbbe0dfaf8ea3383c201dc579d9e47a7c5d6d25e78db0e9c03993aa,2026-08-21T13:04:55Z,2026-08-25T12:02:11Z,2026-08-27T11:15:50Z
nga_admin0.cpg,5,3ad3031f5503a4404af825262ee8232cc04d4ea6683d42c5dd0a2f2a27ac9824,2026-04-16T08:04:46Z,2026-08-26T17:32:07Z,2026-08-27T11:15:50Z
nga_admin0.dbf,1739,bb171d044200bd926c564746758a59d7d8072ded76d3c5ebce11bb9d1142187c,2026-04-16T08:04:46Z,2026-08-26T17:32:07Z,2026-08-27T11:15:50Z
nga_admin0.prj,145,a02a27b1d1982c8516d83398e85a3c8b1aef1713c13ef4d84d7bde17430c07c4,2026-04-16T08:04:46Z,2026-08-26T17:32:07Z,2026-08-27T11:15:50Z
nga_admin0.shp,103004,6c265d2ca517dfe52c42af508652f6158ef7c859da3861af166e1c2563da0f22,2026-04-16T08:04:46Z,2026-08-26T17:32:07Z,2026-08-27T11:15:50Z
nga_admin0.shx,108,4adfd5426beac5c04068aa150a523146f6b12422c3c405d584cc68b2d92991f8,2026-04-16T08:04:46Z,2026-08-26T17:32:07Z,2026-08-27T11:15:50Z
nga_admin0_em.cpg,5,3ad3031f5503a4404af825262ee8232cc04d4ea6683d42c5dd0a2f2a27ac9824,2026-04-16T08:04:46Z,2026-08-26T17:32:07Z,2026-08-27T11:15:50Z
nga_admin0_em.dbf,1627,22aa0e47fbe292264d5fb2c3259ea1f74d2bbf1bdfb99fd9944c92e89cf8919f,2026-04-16T08:04:46Z,2026-08-26T17:32:07Z,2026-08-27T11:15:50Z
nga_admin0_em.prj,145,a02a27b1d1982c8516d83398e85a3c8b1aef1713c13ef4d84d7bde17430c07c4,2026-04-16T08:04:46Z,2026-08-26T17:32:07Z,2026-08-27T11:15:50Z
nga_admin0_em.shp,254484,ad96a08c8f7187a3abce67a8c89c59438c761780563e33d187895c2f989e4630,2026-04-16T08:04:46Z,2026-08-26T17:32:07Z,2026-08-27T11:15:50Z
nga_admin0_em.shx,108,2e225fd1a508fdfa9adb4f12c5b22490e739a34ea915d861e6091f94eca109ab,2026-04-16T08:04:46Z,2026-08-26T17:32:07Z,2026-08-27T11:15:50Z
nga_admin1.cpg,5,3ad3031f5503a4404af825262ee8232cc04d4ea6683d42c5dd0a2f2a27ac9824,2026-04-16T08:04:46Z,2026-08-26T17:32:07Z,2026-08-27T11:15:50Z
nga_admin1.dbf,51359,2820641f5555a0a44ef6e353fc97b142f0eccdd8a804cdea59005ab1be178e3c,2026-04-16T08:04:46Z,2026-08-26T17:32:07Z,2026-08-27T11:15:50Z
nga_admin1.prj,145,a02a27b1d1982c8516d83398e85a3c8b1aef1713c13ef4d84d7bde17430c07c4,2026-04-16T08:04:46Z,2026-08-26T17:32:07Z,2026-08-27T11:15:50Z
nga_admin1.shp,628540,b0214d006c1bc58903e2cc1712485062ea822b1f42423a9db71e245af7a808fa,2026-04-16T08:04:46Z,2026-08-26T17:32:07Z,2026-08-27T11:15:50Z
nga_admin1.shx,396,58ab4e6d6e6eea215dcd195d9a54e8856b6fcf5a412770ac5945586254eedc41,2026-04-16T08:04:46Z,2026-08-26T17:32:07Z,2026-08-27T11:15:50Z
nga_admin1_em.cpg,5,3ad3031f5503a4404af825262ee8232cc04d4ea6683d42c5dd0a2f2a27ac9824,2026-04-16T08:04:46Z,2026-08-26T17:32:07Z,2026-08-27T11:15:50Z
nga_admin1_em.dbf,48367,2c9284804623504cee8ce5e4e9bbfa584c8f31937a683c6e669618a27f6ecadf,2026-04-16T08:04:46Z,2026-08-26T17:32:07Z,2026-08-27T11:15:50Z
nga_admin1_em.prj,145,a02a27b1d1982c8516d83398e85a3c8b1aef1713c13ef4d84d7bde17430c07c4,2026-04-16T08:04:46Z,2026-08-26T17:32:07Z,2026-08-27T11:15:50Z
nga_admin1_em.shp,792468,61a5ea01e6a975c200cb86fcf69bc60055657c29cc8c1e69269fb8bbb8046ac1,2026-04-16T08:04:46Z,2026-08-26T17:32:07Z,2026-08-27T11:15:50Z
nga_admin1_em.shx,396,fd32f075a54935b74d96ac067ea0536e86ca604b2dc1c3413d2ca5a7c6925919,2026-04-16T08:04:46Z,2026-08-26T17:32:07Z,2026-08-27T11:15:50Z
nga_admin2.cpg,5,3ad3031f5503a4404af825262ee8232cc04d4ea6683d42c5dd0a2f2a27ac9824,2026-04-16T08:04:46Z,2026-08-26T17:32:07Z,2026-08-27T11:15:50Z
nga_admin2.dbf,1493976,053542805b9561ca6ce01bc2905437bcf719d7b98c13898988ee7da7b2fbfd9e,2026-04-16T08:04:46Z,2026-08-26T17:32:08Z,2026-08-27T11:15:50Z
nga_admin2.prj,145,a02a27b1d1982c8516d83398e85a3c8b1aef1713c13ef4d84d7bde17430c07c4,2026-04-16T08:04:46Z,2026-08-26T17:32:08Z,2026-08-27T11:15:50Z
nga_admin2.shp,2067892,0345e9c8a0afbc0c1533bd67f0eeb4805372a85418912ba6b605de54c37be19f,2026-04-16T08:04:46Z,2026-08-26T17:32:08Z,2026-08-27T11:15:50Z
nga_admin2.shx,6292,fad3f3d986be4cd0890421cacf46e5f060f45f4bf9e00b40664d6ccf0e0b2c62,2026-04-16T08:04:46Z,2026-08-26T17:32:08Z,2026-08-27T11:15:50Z
nga_admin2_em.cpg,5,3ad3031f5503a4404af825262ee8232cc04d4ea6683d42c5dd0a2f2a27ac9824,2026-04-16T08:04:46Z,2026-08-26T17:32:08Z,2026-08-27T11:15:50Z
nga_admin2_em.dbf,1432024,cbec8c1bf685db9e20978104caff04e1a2bf766612ad195cf7fde9e3a5b38929,2026-04-16T08:04:46Z,2026-08-26T17:32:08Z,2026-08-27T11:15:50Z
nga_admin2_em.prj,145,a02a27b1d1982c8516d83398e85a3c8b1aef1713c13ef4d84d7bde17430c07c4,2026-04-16T08:04:46Z,2026-08-26T17:32:08Z,2026-08-27T11:15:50Z
nga_admin2_em.shp,2254872,39cd1b12db49ae8412b2119db83d8a53e22b7271621ee9c2a41b2a82f2cc801b,2026-04-16T08:04:46Z,2026-08-26T17:32:08Z,2026-08-27T11:15:50Z
nga_admin2_em.shx,6292,25141457cc1945bbe4bf9107eb1a38f2cc8439efb8cc35fbc55d310a0b662aab,2026-04-16T08:04:46Z,2026-08-26T17:32:08Z,2026-08-27T11:15:50Z
nga_admin3.cpg,5,3ad3031f5503a4404af825262ee8232cc04d4ea6683d42c5dd0a2f2a27ac9824,2026-04-16T08:04:46Z,2026-08-26T17:32:08Z,2026-08-27T11:15:50Z
nga_admin3.dbf,1663996,43d3eb525abe701b0b9dfa4b8b3d40cae73598e5a537b3e9fe510b212f317e13,2026-04-16T08:04:46Z,2026-08-26T17:32:08Z,2026-08-27T11:15:50Z
nga_admin3.prj,145,a02a27b1d1982c8516d83398e85a3c8b1aef1713c13ef4d84d7bde17430c07c4,2026-04-16T08:04:46Z,2026-08-26T17:32:08Z,2026-08-27T11:15:50Z
nga_admin3.shp,748964,f74adc417b09caf01b4f5e2900ad770bc2e416daa411c1364b6b778fcc9d695c,2026-04-16T08:04:46Z,2026-08-26T17:32:08Z,2026-08-27T11:15:50Z
nga_admin3.shx,5812,aec662e276e9338d973d70bd4617b15bb95e9e7a1ed0236716e3f03a0d31cc4f,2026-04-16T08:04:46Z,2026-08-26T17:32:08Z,2026-08-27T11:15:50Z
nga_admin3_em.cpg,5,3ad3031f5503a4404af825262ee8232cc04d4ea6683d42c5dd0a2f2a27ac9824,2026-04-16T08:04:46Z,2026-08-26T17:32:08Z,2026-08-27T11:15:50Z
nga_admin3_em.dbf,1663996,8df89fe3fdbb6d74ffe22e82ebc40a3323abd11c27ac1991e17471419a920509,2026-04-16T08:04:46Z,2026-08-26T17:32:08Z,2026-08-27T11:15:50Z
nga_admin3_em.prj,145,a02a27b1d1982c8516d83398e85a3c8b1aef1713c13ef4d84d7bde17430c07c4,2026-04-16T08:04:46Z,2026-08-26T17:32:08Z,2026-08-27T11:15:50Z
nga_admin3_em.shp,861796,8e06dcabc0a4890c45f75e72b9a506c55de016ec7297d3752d54475b8b39ce93,2026-04-16T08:04:46Z,2026-08-26T17:32:08Z,2026-08-27T11:15:50Z
nga_admin3_em.shx,5812,71c1605330e0d0dd1b9f147698317a77bca0d0881980e811054184033cfe5fd8,2026-04-16T08:04:46Z,2026-08-26T17:32:08Z,2026-08-27T11:15:50Z
nga_admin_boundaries.shp.zip,10272752,4600b159107bbb5069cecbe2e308310deb8a3c0e0d83e05939c254dfae4d0361,2026-08-26T10:25:49Z,2026-08-26T17:32:08Z,2026-08-27T11:15:50Z
nga_admin_boundaries.xlsx,528414,98fc7a34b7d4662f35f17155c762ae823708530322a86815efecb6e7da621215,2026-08-21T11:16:25Z,2026-08-25T12:02:11Z,2026-08-27T11:15:50Z
nga_admincapitals.cpg,5,3ad3031f5503a4404af825262ee8232cc04d4ea6683d42c5dd0a2f2a27ac9824,2026-04-16T08:04:46Z,2026-08-26T17:32:08Z,2026-08-27T11:15:50Z
nga_admincapitals.dbf,1767590,306386e806f75306f64b80ccddd55d97fa71d73b6c204ca820a09117d8917dc7,2026-04-16T08:04:46Z,2026-08-26T17:32:08Z,2026-08-27T11:15:50Z
nga_admincapitals.prj,145,a02a27b1d1982c8516d83398e85a3c8b1aef1713c13ef4d84d7bde17430c07c4,2026-04-16T08:04:46Z,2026-08-26T17:32:08Z,2026-08-27T11:15:50Z
nga_admincapitals.shp,20092,6a56884885890268e657c104dd2cb013232e81afb2ab78194d5f7a52fa3c8dae,2026-04-16T08:04:46Z,2026-08-26T17:32:08Z,2026-08-27T11:15:50Z
nga_admincapitals.shx,5812,ad203f30dadc445c4d1037c674066bc8bcbaa489e4157f4ffd08dc7937faeb5a,2026-04-16T08:04:46Z,2026-08-26T17:32:08Z,2026-08-27T11:15:50Z
nga_adminlines.cpg,5,3ad3031f5503a4404af825262ee8232cc04d4ea6683d42c5dd0a2f2a27ac9824,2026-04-16T08:04:46Z,2026-08-26T17:32:08Z,2026-08-27T11:15:50Z
nga_adminlines.dbf,1464876,3ab0b83bdc262989d15defa801d1f6c53d109d09e5702aad8f71472ca6d4f242,2026-04-16T08:04:46Z,2026-08-26T17:32:08Z,2026-08-27T11:15:50Z
nga_adminlines.prj,145,a02a27b1d1982c8516d83398e85a3c8b1aef1713c13ef4d84d7bde17430c07c4,2026-04-16T08:04:46Z,2026-08-26T17:32:08Z,2026-08-27T11:15:50Z
nga_adminlines.shp,1577388,2afb3bf6443fcd7dc79e8f3a13e3f151caa4825e3901c8970c4f0bdcdcc95aec,2026-04-16T08:04:46Z,2026-08-26T17:32:08Z,2026-08-27T11:15:50Z
nga_adminlines.shx,33964,2654c745a9c07922f8a63cad718c79ef7c39bce180abe39823b525d647670e30,2026-04-16T08:04:46Z,2026-08-26T17:32:08Z,2026-08-27T11:15:50Z
nga_adminlines_em.cpg,5,3ad3031f5503a4404af825262ee8232cc04d4ea6683d42c5dd0a2f2a27ac9824,2026-04-16T08:04:46Z,2026-08-26T17:32:08Z,2026-08-27T11:15:50Z
nga_adminlines_em.dbf,1461070,e9cd74e1e840fd4efb5b959f90da8b94a974d98f0bddaa4bce6ed43cdee9c647,2026-04-16T08:04:46Z,2026-08-26T17:32:08Z,2026-08-27T11:15:50Z
nga_adminlines_em.prj,145,a02a27b1d1982c8516d83398e85a3c8b1aef1713c13ef4d84d7bde17430c07c4,2026-04-16T08:04:46Z,2026-08-26T17:32:08Z,2026-08-27T11:15:50Z
nga_adminlines_em.shp,1726468,0a194f53a0cb8f5e285ae18577c49680e72812f23223b088431addd84603916d,2026-04-16T08:04:46Z,2026-08-26T17:32:08Z,2026-08-27T11:15:51Z
nga_adminlines_em.shx,33876,6d3b024858c13bd6da8579ea2fd2f6dc87aa8d0bc066e6f5bd80ef420385979b,2026-04-16T08:04:46Z,2026-08-26T17:32:08Z,2026-08-27T11:15:51Z
nga_adminpoints.cpg,5,3ad3031f5503a4404af825262ee8232cc04d4ea6683d42c5dd0a2f2a27ac9824,2026-04-16T08:04:46Z,2026-08-26T17:32:08Z,2026-08-27T11:15:51Z
nga_adminpoints.dbf,4264926,ad07a9660311bda9d045a575e554dd02bbdb0c826f24064ccb91307968b4fbb9,2026-04-16T08:04:46Z,2026-08-26T17:32:08Z,2026-08-27T11:15:51Z
nga_adminpoints.prj,145,a02a27b1d1982c8516d83398e85a3c8b1aef1713c13ef4d84d7bde17430c07c4,2026-04-16T08:04:46Z,2026-08-26T17:32:08Z,2026-08-27T11:15:51Z
nga_adminpoints.shp,42828,f093bc796ef6e60814a8477494d1679d7ad5aa712975e95821e32d99792dd16c,2026-04-16T08:04:46Z,2026-08-26T17:32:08Z,2026-08-27T11:15:51Z
nga_adminpoints.shx,12308,c61720d06e4c17913375e358747ec6c4f6733bfcff302694d49c2b7564a64467,2026-04-16T08:04:46Z,2026-08-26T17:32:08Z,2026-08-27T11:15:51Z
nga_admpop_2020.xlsx,1672647,ccd4eff57b3ed3fde3afe2303580fca701b089b1a75a5f8336da823e1640b6cd,2026-08-21T13:04:31Z,2026-08-25T12:02:11Z,2026-08-27T11:15:51Z
nga_admpop_adm0_2022.csv,927,4614f535926f852e6480ee2016e7e5135e366822c69a2a18521855083aae658e,2026-08-21T11:25:52Z,2026-08-25T12:02:11Z,2026-08-27T11:15:51Z
nga_admpop_adm1_2022.csv,15070,49ffe9665f8cdd7c2b634548a04686f0a72c0b46fdb5926691138ce36152ab25,2026-08-21T11:19:47Z,2026-08-25T12:02:11Z,2026-08-27T11:15:51Z
nga_senatorialdistricts.cpg,5,3ad3031f5503a4404af825262ee8232cc04d4ea6683d42c5dd0a2f2a27ac9824,2026-04-16T08:04:46Z,2026-08-26T17:32:08Z,2026-08-27T11:15:51Z
nga_senatorialdistricts.dbf,93023,e06701840405d433d16247df30e2f4e9fd846d30b80c5e08d09277cc4ea49b3a,2026-04-16T08:04:46Z,2026-08-26T17:32:08Z,2026-08-27T11:15:51Z
nga_senatorialdistricts.prj,145,a02a27b1d1982c8516d83398e85a3c8b1aef1713c13ef4d84d7bde17430c07c4,2026-04-16T08:04:46Z,2026-08-26T17:32:08Z,2026-08-27T11:15:51Z
nga_senatorialdistricts.shp,998156,2ea4ab04ebffa0c8a5a52593f06b7589e09e33473e4d97badc248aa96cd0c99f,2026-04-16T08:04:46Z,2026-08-26T17:32:08Z,2026-08-27T11:15:51Z
nga_senatorialdistricts.shx,972,4b31dcb1c485463eafb9616ead6530333585440e1503cfb5d1870a29deaf3623,2026-04-16T08:04:46Z,2026-08-26T17:32:08Z,2026-08-27T11:15:51Z
nga_senatorialdistricts_em.cpg,5,3ad3031f5503a4404af825262ee8232cc04d4ea6683d42c5dd0a2f2a27ac9824,2026-04-16T08:04:46Z,2026-08-26T17:32:08Z,2026-08-27T11:15:51Z
nga_senatorialdistricts_em.dbf,64119,7971d4fdb4e761162d4d35d84f47a740bc6819315076eb07fefa70c2107bc9ac,2026-04-16T08:04:46Z,2026-08-26T17:32:08Z,2026-08-27T11:15:51Z
nga_senatorialdistricts_em.prj,145,a02a27b1d1982c8516d83398e85a3c8b1aef1713c13ef4d84d7bde17430c07c4,2026-04-16T08:04:46Z,2026-08-26T17:32:08Z,2026-08-27T11:15:51Z
nga_senatorialdistricts_em.shp,1168548,e446712b698d687e621d0d1c16b507b8db6fbcca92bbe04f11a2acbcff16896c,2026-04-16T08:04:46Z,2026-08-26T17:32:08Z,2026-08-27T11:15:51Z
nga_senatorialdistricts_em.shx,972,f236a9027d67c301c74f486a2bf96e02bba2cdc52e103193bdefc4760ecac322,2026-04-16T08:04:46Z,2026-08-26T17:32:08Z,2026-08-27T11:15:51Z
povertyrate.csv,99977,efc5da738da841dc780ca3d26ef399d6db8c7781189075f28d208576c2f204f7,2026-08-26T20:35:49Z,2026-08-26T21:08:20Z,2026-08-27T11:15:51Z
